"author_name","author_url","language","original_language","profile_photo_url","rating","relative_time_description","text","time","translated","restaurant"
"Nisa","https://www.google.com/maps/contrib/105705557919166032453/reviews","en","en","https://lh3.googleusercontent.com/a/ACg8ocK_8uC5de8fyiiR5pXn8DMM0jK_r2koIST-nmJbo7gXUrWnVQ=s128-c0x00000000-cc-rp-mo-ba5",4.2,"a week ago","classic diner with a huge menu. good selection of mexican food as well to appeal to the local population.

they can be very busy on the weekends. the few mexican dishes that I tried were a bit bland for me. I would recommend sticking with the classic American diner food.

however it could just be that I didn't order the right dishes",1744603901,FALSE,"NEW BAY COFFEE SHOP"
"Mieriem Abdullaieva","https://www.google.com/maps/contrib/104807006465265279992/reviews","en","en","https://lh3.googleusercontent.com/a-/ALV-UjXlnYHEinBhR5rsKYDwDYVR7hzZ3tc71FkK4XutfJ_vALC6g4KZRg=s128-c0x00000000-cc-rp-mo-ba5",4.2,"a year ago","Ordered beef burrito with fries and mushroom quesadilla. Portions are big. Drinks: mango milk shake( very tasty)  and orange juice. The service is good and the waitress was attentive.
A bit on the pricey side though.",1704841328,FALSE,"NEW BAY COFFEE SHOP"
"LEATHERMAN MARK","https://www.google.com/maps/contrib/101240763841567992530/reviews","en","en","https://lh3.googleusercontent.com/a-/ALV-UjW5h-YScIvoGDeSlynanII1_GrG84qR3wBz8o_eBCeMVpdWdbx6=s128-c0x00000000-cc-rp-mo-ba3",4.2,"2 weeks ago","Love love this coffee shop me and my husband have had many great breakfast at this sweet place.
Staff are sweethearts chef is amazing food is the way I love fresh hot rite away service all the time. So here on a Sunday for vrea6you will love it just like we love it.
Gracias a todo a Bay Coffee Shop mucho mucho amore",1744211046,FALSE,"NEW BAY COFFEE SHOP"
"OH yeah","https://www.google.com/maps/contrib/118127810776027209366/reviews","en","en","https://lh3.googleusercontent.com/a-/ALV-UjVfaS_P34iba3YoPV2kWRaaztD94ljJlqMrMuhGqlV_aqBr9lDI=s128-c0x00000000-cc-rp-mo-ba5",4.2,"a year ago","20240408::overcharged. got a burger(frozen)$7.50 and an egg salid sandwich(lack luster) $5, pricing according to menu should have come out to $12.50. was charged $15.40 with tax.  not going to bore u with 8.875% out of $15.40, or before tax $14.15. so why was i charged $2.90 more?  what i know is im not eating here again.   btw i tip'd $3 on top of this.  they are going to need tipif anyone reads this.  other comments also states overcharging the check.",1712900196,FALSE,"NEW BAY COFFEE SHOP"
"M. Saszare","https://www.google.com/maps/contrib/110151712769601303888/reviews","en","en","https://lh3.googleusercontent.com/a/ACg8ocL7GtcJu8vyOUvosWZxkj04BLxu8UiOp7yLQw1_bzOuBnvFjQ=s128-c0x00000000-cc-rp-mo-ba4",4.2,"2 years ago","I‚Äôve come here many times.  At first it was ok,
But most of the time we get a waitress that doesn‚Äôt speak any English and we‚Äôre left waiting for nearly half an hour for something to eat- and the place is nearly empty.
When the food comes, it‚Äôs not exactly what we asked for, because they do not understand us when we place the order details.
Also, we ordered turkey burgers deluxe, and as you can see in the pictures, it‚Äôs a shameful pancake thin turkey burger.
We were left frustrated and dissatisfied.",1677110572,FALSE,"NEW BAY COFFEE SHOP"
"Chloe Carrington","https://www.google.com/maps/contrib/112591458028634782672/reviews","en","en","https://lh3.googleusercontent.com/a/ACg8ocLmDj9NWIoab_AgMMtS5hDhbicUXsFF0dKJe07YDBTMnh-T0w=s128-c0x00000000-cc-rp-mo",3.9,"2 months ago","Horrific customer service pretended they had no idea what the hell I was talking about when 4 of their disgusting shrimp rice rolls are exposed with no rice roll covering it shoddy scam greedy jerks working this nasty store ‚Ä¶ stay away! never again!. I hope the health department shuts them down for good ! ZERO STARS! See the picture!!! YUCK!",1740021471,FALSE,"YU KING BAKERY"
"James Deng","https://www.google.com/maps/contrib/111641695228255139869/reviews","en","en","https://lh3.googleusercontent.com/a-/ALV-UjVlxXcUJgnoQqB6y-1k81-YG18DGa_Fvk9rYpTfsxGLzfyUXkbt=s128-c0x00000000-cc-rp-mo-ba5",3.9,"3 years ago","Yu King is only a block or two away from another Portuguese Egg Tart juggernaut but they manage to deliver an amazing product in their own right. Yu King's Portuguese egg tart is very creamy and the crust is very flaky. Highly recommend a try.",1642374501,FALSE,"YU KING BAKERY"
"Allison Li","https://www.google.com/maps/contrib/105080703564227489565/reviews","en","en","https://lh3.googleusercontent.com/a-/ALV-UjXUJsdiFRcdDtGlGsa5117q0r261swlg-HiQxmzmb_8M2szacM=s128-c0x00000000-cc-rp-mo",3.9,"2 months ago","Soulless. They treat you differently if you don't speak Cantonese, even if you are Chinese, same as them. They will pack you a wrong cake on purpose sneakily and laugh at you in your face in Cantonese thinking you don't understand.",1737935080,FALSE,"YU KING BAKERY"
"Melinda John","https://www.google.com/maps/contrib/100154190244277092428/reviews","en","en","https://lh3.googleusercontent.com/a/ACg8ocJolsRWl85lMINQQrTEjzLo4tfY-zgDb2FlwrsoJkrTq4FBFA=s128-c0x00000000-cc-rp-mo-ba3",3.9,"2 months ago","The lady helped me so much and she spoke English which helped me alot. May the New Year bring them lots of luck",1738080957,FALSE,"YU KING BAKERY"
"Michiko Chan","https://www.google.com/maps/contrib/115350302562002696462/reviews","en","en","https://lh3.googleusercontent.com/a-/ALV-UjV0YGjqoV9tBFcYAcnpe6gqD4mOlqOeEt8wGvh5DxPl7Qx8e7ry=s128-c0x00000000-cc-rp-mo-ba3",3.9,"3 years ago","Clean and tidy bakery! Their mango cheese cake is very good and comes with a edible chocolate spoon.",1650413013,FALSE,"YU KING BAKERY"
"Y Liu","https://www.google.com/maps/contrib/103940058158296967587/reviews","en","en","https://lh3.googleusercontent.com/a/ACg8ocLQMm0FdGmHRfh1JmHezb0uJ2iHQFo9-D-OoytDCbk1fyEQnw=s128-c0x00000000-cc-rp-mo",3.4,"a month ago","This place has definitely earned my business and I‚Äôll be coming back. The beef and broccoli with chow mein is outstanding, especially the seasoning.

You can really taste the freshness of the oil used for frying. Too often, you can tell when oil hasn‚Äôt been changed in a while, but that‚Äôs not the case here. Highly recommend!",1741524583,FALSE,"YUMMY 88"
"Felix Cheng","https://www.google.com/maps/contrib/103297054023877589805/reviews","en","en","https://lh3.googleusercontent.com/a/ACg8ocJXonKuKDl8MhjSFRqcqXte2dg1FFoMq4GE8GKzlUK6jXwZYw=s128-c0x00000000-cc-rp-mo",3.4,"a month ago","Had a great time here, loved the food the menu had an extensive list of really tasty foods. And loved the service as well. Absolutely recommend!",1741811157,FALSE,"YUMMY 88"
"Hannah Lin","https://www.google.com/maps/contrib/104221687125168238205/reviews","en","en","https://lh3.googleusercontent.com/a-/ALV-UjW3iyRLBAkC7JZbkXP7f8x8DvfFtHegcfuujqlD4rfyTRKB-CqsCA=s128-c0x00000000-cc-rp-mo",3.4,"a month ago","The menu offers an extensive selection of classic Chinese dishes, and everything we tried was absolutely delicious.",1741390577,FALSE,"YUMMY 88"
"Stuy308","https://www.google.com/maps/contrib/102878557129366287947/reviews","en","en","https://lh3.googleusercontent.com/a-/ALV-UjWBTrZFbjtrXSEQUnEsPDlhQ-0gTqj2uaiUhFFJw-79FdkciJnS0g=s128-c0x00000000-cc-rp-mo",3.4,"6 months ago","Hi everyone,
DON'T EAT HERE! I food a roach in my food, took it back to the restaurant after ordering it and they didn't seem to care. This Yummy 88 place is literally feeding us bugs and doesn't care.",1728501242,FALSE,"YUMMY 88"
"Haruko Hashimoto","https://www.google.com/maps/contrib/100825752490519586930/reviews","en","en","https://lh3.googleusercontent.com/a-/ALV-UjXKYjmGom5q5DVGpZxM1DI3fpD_unJV_y5_gD-aeAJQnfD79UJg=s128-c0x00000000-cc-rp-mo",3.4,"8 months ago","Dinner staple whenever I want Chinese takeout! I love the combo platter of mixed veggie with beef lo mein instead of rice. The beef lo mein is sooo good. Other recs: Singaporean mei fun noodles (fragrant, curried), chicken on a stick (also curry flavor!), chicken wings, spare pork rib tips (it has bone, but i like this one more than the boneless version!), pork dumplings, fried crab stick (huge imitation crab stick that‚Äôs fried). Always hits the spot! Thank you, Yummy88!!! They‚Äôre closed on Mondays.",1723597512,FALSE,"YUMMY 88"
"Karli K","https://www.google.com/maps/contrib/103354892835024214790/reviews","en","en","https://lh3.googleusercontent.com/a-/ALV-UjVIIjYGhd0BctIXzfpC5gN_sDLF5g5gtzMvYcEGobQ_KDZUQvs=s128-c0x00000000-cc-rp-mo-ba2",3.8,"4 months ago","Food was amazing. I loved the jerk chicken and rice. The oxtail was also amazing. Mac and cheese was sooo good. I forgot his name but the guy working there was so nice and helpful. I appreciated him being so kind and letting us try the oxtail.",1734229879,FALSE,"SOULKOFA"
"Goddess in Training","https://www.google.com/maps/contrib/117228396077857014292/reviews","en","en","https://lh3.googleusercontent.com/a-/ALV-UjUDzTT5q9jpvGYXXXSeGF5zrpJ_MZkvOXgzafYhTsYqZxLBvzJ5=s128-c0x00000000-cc-rp-mo",3.8,"a week ago","My first time trying their food, I ordered from too good too go. I'm really glad I did. I picked up my food on a Friday around 7pm. Went smoothly, the lady at the counter was very kind. She asked me if I wanted anything, I told her to give me whatever she recommends/is available. She did not dissapoint, she gave me mixed veg/cabbage, fried chicken and sweet potato. Delish and affordable. A little sauce for the chicken next time would be chefs kiss maybe. Either way I'm impressed and will be coming back.",1745024322,FALSE,"SOULKOFA"
"Celeste Diaz","https://www.google.com/maps/contrib/111148712879259734473/reviews","en","en","https://lh3.googleusercontent.com/a-/ALV-UjX4M_8xydZQXl9L4NlXUlwk5aTLcELpxzfKpZ3tox5Akrb5At3BsA=s128-c0x00000000-cc-rp-mo-ba3",3.8,"a month ago","I wish I could give a rating on their food but sadly this about their business practices. They are on an app called Too Good to Go which gives customers an opportunity to purchase leftover food at the end of the day to prevent waste. I purchased my bag at 3:15PM for pick up between 6-7:50PM which is well before their actual closing time of 9:30PM that they have posted online and on their door. I walked 20 minutes with my baby to pick up the order within the window which was before 7PM. As soon as I walked in, two customers told me they were closed despite them getting their food and the posted time and the fact I had already purchased an order. The man behind the counter told me he had been getting orders but he wasn‚Äôt doing it today and to ask for a refund. He then told me to come back tomorrow. I just walked out because not only did I waste my time coming over there to get absolutely nothing, it was cold and I had my baby with me. I will never order from this place again even though I was excited to try to them, this experience totally put me off. Don‚Äôt put yourself on the app if you‚Äôre not actually doing the orders. Take yourself off instead of wasting peoples time. And I‚Äôve seen how yall respond to people in the comments I‚Äôm glad I didn‚Äôt get nothing from yall.",1743032094,FALSE,"SOULKOFA"
"Damian Clayton","https://www.google.com/maps/contrib/109490333603827075212/reviews","en","en","https://lh3.googleusercontent.com/a-/ALV-UjWfu9aNhk79DAPRu5kO2xMuvdytwlhjB1m-RzkH7lxRVtFNKjhE=s128-c0x00000000-cc-rp-mo",3.8,"6 months ago","This was my 3rd time ordering from this place and every time was failed either food was bad quality or items were sent that I did not order this final and last time I ordered the crab cakes and received something dry fried hard chicken nugget like items tasted nothing like crab cakes also the cake I ordered was dry and stale I ordered lemon cake was told that item was out so I select chocolate and was sent red velvet which I don‚Äôt like ! I would say don‚Äôt waste your time and mo ey !",1729214719,FALSE,"SOULKOFA"
"Ke White","https://www.google.com/maps/contrib/107320594193499232882/reviews","en","en","https://lh3.googleusercontent.com/a-/ALV-UjXY0kvwPyIP1uPH88fC3J0GnKwfObZspnuOc3pKDkQn54_KqDjI=s128-c0x00000000-cc-rp-mo",3.8,"2 weeks ago","One of my favorite spots to go to in Brooklyn! I‚Äôm genuinely confused where all of these negative reviews are coming from. I eat here all the time and never have any major issues.

The food is so good! Nourishing and filling without weighing you down and delicious. I‚Äôve tried the jerk chick‚Äôn, brown stew chick‚Äôn, m‚Äôoxtail, fried oyster mushrooms and most of the sides - all delicious! The staff is very warm and accommodating! I wish I lived closer so I could enjoy this place regularly.

Don‚Äôt hesitate! Give it a try!",1744304103,FALSE,"SOULKOFA"
"Crochet, Kids and Fun","https://www.google.com/maps/contrib/113690184925763972181/reviews","en","en","https://lh3.googleusercontent.com/a-/ALV-UjWH4SFXMF9oR3hfgmNMvRjTahIPlHhDTcO3tuSieLyqvExrdSAESA=s128-c0x00000000-cc-rp-mo-ba3",4.1,"3 months ago","Everything was good. Bakery items as well as Mexican food. We tried flan, cannoli, cheesecake and fajita de pollo.",1737631518,FALSE,"INES' BAKERY"
"Carmen Cacho","https://www.google.com/maps/contrib/105016170048162026095/reviews","en","en","https://lh3.googleusercontent.com/a-/ALV-UjXD-_IHsy3o6bHMdwjRfWQXpmYpyF0S-U84XfmzptxgWLcNEDbWdA=s128-c0x00000000-cc-rp-mo-ba3",4.1,"4 months ago","I ordered a tres leche cake everyone loved it even though the name in cake was spelled incorrectly I said Barbara I got BAVARA. My sis still loved it so I was happy. . The only thing I must say the girls that were there are nice but they take a long time to service the customers. I went at 6:15am and had to wait 10 minutes just to get serviced. If they can work on that part great place to go. It smells amazing in there with all the pastries.",1733696269,FALSE,"INES' BAKERY"
"Nicathe Louis","https://www.google.com/maps/contrib/115992454111721685337/reviews","en","en","https://lh3.googleusercontent.com/a/ACg8ocJZO51NIBEp8vXe_zKzlSS9L8V9e9T3TL_2z12xn8EuosLr1w=s128-c0x00000000-cc-rp-mo",4.1,"3 months ago","I ordered a birthday cake from here recently and clearly asked for vanilla filling and vanilla frosting. I received the cake and it had a pudding-like filling with a chocolate mousse frosting. The cake also didn't have much flavor/sweetness and was too soft when I cut it. I asked for a dense cake.      My family and I are not a fan!!",1736438492,FALSE,"INES' BAKERY"
"eduardo molina","https://www.google.com/maps/contrib/105240951984131003602/reviews","en","en","https://lh3.googleusercontent.com/a/ACg8ocL3GgrDFwvnyzBQDrL38gIfTtxVG1EstxS1yOiqo7GUStrY6g=s128-c0x00000000-cc-rp-mo",4.1,"a month ago","Horrible experience! The red hair lady made a mistake and gave us the wrong food. We get home and see that the food is incorrect. We call and they tell us our food is at the store, mind you it's been over 15 minutes and the food isn't hot anymore. We ask to have the food remade since it's not hot anymore by the time we get back to the store and back home. Their response is ""We will throw it back on the fryer to reheat"". That is absolutely UNACCEPTABLE. double cooked food???? We took back the food that was incorrectly given to us. They even overcharged us!! We asked for our money back and they take too long and make me wait even more time before I can get my money back. Worst experience. I had previously had a horrible experience with them before and thought about giving them a second chance. Clearly this place has not changed one bit.",1741661412,FALSE,"INES' BAKERY"
"Iu Ie","https://www.google.com/maps/contrib/107169724443375011028/reviews","en","en","https://lh3.googleusercontent.com/a/ACg8ocJsj8V0694oRtN6aiUCBLt_IrjfC9QxH7rKmmT8Blle3GyqXQ=s128-c0x00000000-cc-rp-mo-ba5",4.1,"a year ago","Friendly and helpful staff, delicious food, great variety of pastries at very reasonable and affordable prices.

This is how my review COULD sound.

Before today's purchase of a VERY OLD AND EXPIRED chocolate cheesecake.  Look at the photos.

How long does the cake have to stand on the display for the paint from the package to soak into the cake?

I asked if it was good... and they sold it to me.
Is it because I'm not Hispanic???

A strange attitude towards a client who came before this incident 2 or 3 times a week and paid his money.

Good luck without me.

My advice is stay away or don't be fooled at least",1692207948,FALSE,"INES' BAKERY"
"Yulissa Carrasco","https://www.google.com/maps/contrib/116061067066716037585/reviews","en","en","https://lh3.googleusercontent.com/a-/ALV-UjXiOhoCa1jKahgZVkpAgYBfMuy7XbiJzYS8VdkVFObQ6kNg5H87=s128-c0x00000000-cc-rp-mo-ba2",4.6,"3 months ago","Such a good coffee shop. Had it saved for about a month to try and finally was able to drive and give it a shot and it was worth it 100%. Their Maple Latte is so good not too sweet and perfectly done. Love their coffee cups logo look too. The staff was nice and helped me with picking out a pastry as it was my first time coming here. I picked out the apple pie croissant and it was delicious! Such a huge croissant and filled with apple cinnamon sweet warm taste. Very great portion can be shared. Since it was my first time he suggested I try their banana chocolate muffin I said sure why not. I was not disappointed that first bite was delicious! Flavorful not too chocolately and a perfect balance of both banana and chocolate. Loved how beautiful all their pastries look need to come back to try the rest !! Very small coffee shop no seating inside you just order through the window but I‚Äôm sure when the weather gets warmer seating is available outside for those who prefer that. 10/10 experience can‚Äôt wait to come back",1737217911,FALSE,"PALOMA COFFEE & BAKERY"
"Joanna Graham","https://www.google.com/maps/contrib/109020963647834726004/reviews","en","en","https://lh3.googleusercontent.com/a/ACg8ocJLltS8znP8FbUtTe-mali9RNrKCwA0LqiKSHVWXDFc8ycyBg=s128-c0x00000000-cc-rp-mo-ba3",4.6,"5 months ago","Loved this spot for an iced latte, a couple croissants and an olive oil cake. They also had this thing similar to a quiche with potato and egg. Mmmm. Everything was delicious. And really yummy, strong coffee.üôè",1731969352,FALSE,"PALOMA COFFEE & BAKERY"
"Katie Messing","https://www.google.com/maps/contrib/106083946781976611809/reviews","en","en","https://lh3.googleusercontent.com/a/ACg8ocJLxLbX2cTZg6nYbI-tHZI1Mo5G83dNar3PK-Qph0TDkZ7qJw=s128-c0x00000000-cc-rp-mo",4.6,"in the last week","I‚Äôve walked past this place a bunch since moving to the neighborhood but never stopped by until this morning - so glad I did!! The coffee was great, the pastries were sooo good and fresh - tried the chocolate croissant and the lemon bun and really enjoyed them both. The service was also very warm :) Will definitely be back!!",1745067728,FALSE,"PALOMA COFFEE & BAKERY"
"Christi Balaki","https://www.google.com/maps/contrib/114422551583028080541/reviews","en","en","https://lh3.googleusercontent.com/a-/ALV-UjWRghvYzA6sDAzZzMWiG9hs_TEkE4zpBOTtQDAdK-67wYbNZupZ=s128-c0x00000000-cc-rp-mo-ba6",4.6,"11 months ago","Great pastries, but extremely absorbent prices ($14 for a normal and ham/cheese croissant).

With a crunchy flavorful exterior and countless fluffy, smoothy, and sinfully buttery layers, this croissant (5/5) absolutely incredible and rivals La Bicyclette as one of the top 2 croissants I've tried in NYC. The ham and cheese croissant (5/5) was genius. Artisan ham layered with salty and gooey cheese with a sweet punch from the golden raisins made this literally a perfect pastry.

Problem is, I paid $14 just for those 2 things. Otherwise delicious pastries.",1715572294,FALSE,"PALOMA COFFEE & BAKERY"
"Heather A Adams","https://www.google.com/maps/contrib/112196196970562343900/reviews","en","en","https://lh3.googleusercontent.com/a-/ALV-UjXtAN9XY3l435yQ1eU6wDWOk5CIiq5MFTIOk14FyoMke53kcgeC=s128-c0x00000000-cc-rp-mo-ba7",4.6,"a year ago","Absolutely incredible pastry and service. What more could you ask for? Oh great pastry? Will they absolutely have that too. We are so glad we tried the ones we did. This is a fabulous place to sit on the sidewalk and do some people watching while you enjoy as well. Will definitely be back here.",1702706822,FALSE,"PALOMA COFFEE & BAKERY"
"NB","https://www.google.com/maps/contrib/114865126647906638341/reviews","en","en","https://lh3.googleusercontent.com/a-/ALV-UjVd7ley6E2E4uHFR-PDguFDYx0g-Rv5kCIBvhsx-px1xlPAh6-xJA=s128-c0x00000000-cc-rp-mo-ba5",3.8,"a year ago","Terrible experience! I bought 6 looking nice cakes, but mold inside. Not going there again!",1683398271,FALSE,"VIP COFFEE"
"Angela Maaya","https://www.google.com/maps/contrib/109848775954671565948/reviews","en","en","https://lh3.googleusercontent.com/a-/ALV-UjUbzE1k5kMcKbEBWqx-AACgxal53gCGjxS2WLXGaIeDpPUL-oXb=s128-c0x00000000-cc-rp-mo-ba4",3.8,"5 years ago","I'm a frequent cake buyer, they have super fresh, cute design cakes, friendly staff, 5 stars for me",1567201578,FALSE,"VIP COFFEE"
"Angie Mok","https://www.google.com/maps/contrib/113927628802510014385/reviews","en","en","https://lh3.googleusercontent.com/a-/ALV-UjWeupdEqg_bunDDHv9dWG6sL9XILpsxwAJq9x3dOW7wRfSPaWI=s128-c0x00000000-cc-rp-mo",3.8,"2 years ago","Great small bakery, it has fruits beverage, milk tea, coffee, pastries, chinese pastries. Excellent location, fast service! Great varieties of bread and cakes!",1660140560,FALSE,"VIP COFFEE"
"sherlyn","https://www.google.com/maps/contrib/100459342976321637310/reviews","en","en","https://lh3.googleusercontent.com/a-/ALV-UjUGRp5UR-wXxTtXZBum2dUg0aLMNUUddgVPF5hRmR95T2rOIp-a=s128-c0x00000000-cc-rp-mo",3.8,"a year ago","i love to go to this place when ever im hungry or want a snack after i get put of work",1693332416,FALSE,"VIP COFFEE"
"Halpern Avraham","https://www.google.com/maps/contrib/103244026317817101329/reviews","en","en","https://lh3.googleusercontent.com/a-/ALV-UjWYIMVV-Sx-X7x3dY1glLUSRQD9KOd36eTuI3onbygkhtklHyPKyw=s128-c0x00000000-cc-rp-mo-ba5",3.8,"5 years ago","Lovely coffee
Good service",1560432300,FALSE,"VIP COFFEE"
